restaurant_name,cuisine,rating,restaurant_picture,dish_name,description,price,vegetarian,dish_picture
Olive Grove,Mediterranean,4.5,https://images.unsplash.com/photo-1512621776951-a57141f2eefd?auto=format&fit=crop&w=900&q=80,Hummus and Pita,Creamy chickpea hummus served with warm pita bread.,219,true,
Olive Grove,Mediterranean,4.5,https://images.unsplash.com/photo-1512621776951-a57141f2eefd?auto=format&fit=crop&w=900&q=80,Crispy Falafel,Herb falafel with tahini sauce and pickled vegetables.,239,true,
Olive Grove,Mediterranean,4.5,https://images.unsplash.com/photo-1512621776951-a57141f2eefd?auto=format&fit=crop&w=900&q=80,Greek Salad,Tomatoes cucumber olives and feta with lemon dressing.,229,true,
Olive Grove,Mediterranean,4.5,https://images.unsplash.com/photo-1512621776951-a57141f2eefd?auto=format&fit=crop&w=900&q=80,Lemon Herb Rice,Fluffy rice tossed with fresh herbs and lemon.,179,true,
Delhi Chaat House,Indian Street Food,4.6,https://images.unsplash.com/photo-1601050690597-df0568f70950?auto=format&fit=crop&w=900&q=80,Aloo Tikki Chaat,Crisp potato patties topped with yogurt and tangy chutneys.,129,true,
Delhi Chaat House,Indian Street Food,4.6,https://images.unsplash.com/photo-1601050690597-df0568f70950?auto=format&fit=crop&w=900&q=80,Dahi Puri,Crisp puris filled with potato yogurt and sweet chutney.,119,true,
Delhi Chaat House,Indian Street Food,4.6,https://images.unsplash.com/photo-1601050690597-df0568f70950?auto=format&fit=crop&w=900&q=80,Chole Kulche,Spiced chickpeas served with soft baked kulche.,169,true,
Delhi Chaat House,Indian Street Food,4.6,https://images.unsplash.com/photo-1601050690597-df0568f70950?auto=format&fit=crop&w=900&q=80,Papdi Chaat,Crunchy papdi layered with potato yogurt and chutneys.,119,true,
Sushi Harbor,Japanese,4.5,https://images.unsplash.com/photo-1579871494447-9811cf80d66c?auto=format&fit=crop&w=900&q=80,Avocado Maki,Fresh avocado rolled with seasoned sushi rice and nori.,219,true,
Sushi Harbor,Japanese,4.5,https://images.unsplash.com/photo-1579871494447-9811cf80d66c?auto=format&fit=crop&w=900&q=80,Salmon Nigiri,Fresh salmon slices over hand-pressed sushi rice.,329,false,
Sushi Harbor,Japanese,4.5,https://images.unsplash.com/photo-1579871494447-9811cf80d66c?auto=format&fit=crop&w=900&q=80,Veg Tempura Roll,Crisp seasonal vegetables wrapped in nori and rice.,249,true,
Sushi Harbor,Japanese,4.5,https://images.unsplash.com/photo-1579871494447-9811cf80d66c?auto=format&fit=crop&w=900&q=80,Chicken Katsu Bowl,Crisp chicken katsu with rice and a savory sauce.,289,false,
Pasta Piazza,Italian,4.4,https://images.unsplash.com/photo-1473093295043-cdd812d0e601?auto=format&fit=crop&w=900&q=80,Penne Arrabbiata,Penne pasta in a bright tomato chilli and garlic sauce.,279,true,
Pasta Piazza,Italian,4.4,https://images.unsplash.com/photo-1473093295043-cdd812d0e601?auto=format&fit=crop&w=900&q=80,Creamy Alfredo,Fettuccine coated in a creamy parmesan sauce.,259,true,
Pasta Piazza,Italian,4.4,https://images.unsplash.com/photo-1473093295043-cdd812d0e601?auto=format&fit=crop&w=900&q=80,Pesto Fusilli,Fusilli tossed with basil pesto and toasted seeds.,249,true,
Pasta Piazza,Italian,4.4,https://images.unsplash.com/photo-1473093295043-cdd812d0e601?auto=format&fit=crop&w=900&q=80,Roasted Veg Lasagna,Layered pasta with roasted vegetables and tomato sauce.,319,true,
Firefly BBQ,Barbecue,4.6,https://images.unsplash.com/photo-1529193591184-b1d58069ecdd?auto=format&fit=crop&w=900&q=80,BBQ Chicken Platter,Smoky grilled chicken with slaw and house barbecue sauce.,349,false,
Firefly BBQ,Barbecue,4.6,https://images.unsplash.com/photo-1529193591184-b1d58069ecdd?auto=format&fit=crop&w=900&q=80,Smoky Paneer Skewers,Charred paneer and peppers with a smoky spice glaze.,279,true,
Firefly BBQ,Barbecue,4.6,https://images.unsplash.com/photo-1529193591184-b1d58069ecdd?auto=format&fit=crop&w=900&q=80,Grilled Corn,Fire-roasted corn brushed with lime and mild spices.,129,true,
Firefly BBQ,Barbecue,4.6,https://images.unsplash.com/photo-1529193591184-b1d58069ecdd?auto=format&fit=crop&w=900&q=80,BBQ Veg Wrap,Grilled vegetables wrapped with greens and barbecue sauce.,229,true,
Chai and Crumb,Tea and Bakery,4.5,https://images.unsplash.com/photo-1495474472287-4d71bcdd2085?auto=format&fit=crop&w=900&q=80,Masala Chai,Black tea simmered with milk ginger and warming spices.,59,true,
Chai and Crumb,Tea and Bakery,4.5,https://images.unsplash.com/photo-1495474472287-4d71bcdd2085?auto=format&fit=crop&w=900&q=80,Samosa Pair,Two flaky pastries filled with spiced potatoes and peas.,69,true,
Chai and Crumb,Tea and Bakery,4.5,https://images.unsplash.com/photo-1495474472287-4d71bcdd2085?auto=format&fit=crop&w=900&q=80,Cardamom Bun,Soft sweet bun baked with fragrant green cardamom.,89,true,
Chai and Crumb,Tea and Bakery,4.5,https://images.unsplash.com/photo-1495474472287-4d71bcdd2085?auto=format&fit=crop&w=900&q=80,Ginger Tea,Freshly brewed tea with ginger and a touch of milk.,49,true,